Company Name,Logo URL,Description Line,,,,,,,
1to1 help,https://d3jvo6zzr1v6z9.cloudfront.net/microsite/logo_hd.png,Employee assistance program provider offering counseling and wellness services.,,,,,,,
24-7 Intouch,https://www.logo-designer.co/storage/2023/01/2023-24-7-intouch-new-logo-name-change-to-intouchcx.jpg,Global customer experience outsourcing company providing contact center solutions.,,,,,,,
A.K. Capital Services Limited,https://www.equitybulls.com/equitybullsadmin/uploads/A K Capital Services Limited.jpg,#N/A,,,,,,,
Abbott,https://logospng.org/download/abbott-laboratories/abbott-laboratories-4096.png,"Global healthcare company that develops diagnostics, medical devices, nutrition products, and pharmaceuticals.",,,,,,,
Accelya Group,https://companieslogo.com/img/orig/ACCELYA.NS_BIG-7341d077.png?t=1604870857,Technology solutions provider for the airline and travel industry.,,,,,,,
Accenture,https://logos-world.net/wp-content/uploads/2020/06/Accenture-Symbol.png,"Global professional services company providing strategy, consulting, digital, technology, and operations services.",,,,,,,
Ace Group,https://www.shutterstock.com/shutterstock/photos/2366176455/display_1500/stock-vector-ace-group-logo-vector-vector-ace-group-transparent-background-editorial-vector-logo-transparent-2366176455.jpg,#N/A,,,,,,,
acme services,http://companies.naukri.com/acme-services-new-dev/wp-content/uploads/sites/33734/2020/06/logo-web.png,Business process outsourcing services provider.,,,,,,,
ACNX Business Services,https://acnx.co.in/img/ACNX-logo.png,Business consulting and outsourcing services firm.,,,,,,,
ACT Fibernet,https://images.fonearena.com/blog/wp-content/uploads/2019/02/ACT-Fibernet.jpg,One of India's leading fiber internet service providers.,,,,,,,
AD infra,https://5.imimg.com/data5/SELLER/Logo/2024/5/415016398/YP/HC/JG/63749181/ad-infra-logo.png,Infrastructure development and management company.,,,,,,,
Addonix Technologies Pvt.Ltd.,https://www.3ds.com/fileadmin/depositary/alliances/CRM_SITELOGO/20241000/200000000095381_1addonix-logo.jpg,#N/A,,,,,,,
Adecco,https://logos-world.net/wp-content/uploads/2023/08/Adecco-Logo.png,Global staffing and HR solutions company.,,,,,,,
Aditya Birla Capital,https://i.pinimg.com/originals/01/78/be/0178be444501f77f97179384461b8cbb.jpg,Financial services company offering various financial products and services.,,,,,,,
Aditya birla financial limited,https://best20.in/wp-content/uploads/2022/12/Aditya-Birla-Finance-Limited-Logo-300x263.png,#N/A,,,,,,,
Aditya Birla Sun Life AMC Limited,https://www.equitybulls.com/equitybullsadmin/uploads/Aditya Birla Sun Life AMC Limited 4.jpg,#N/A,,,,,,,
Air India (TATA Group),https://english.cdn.zeenews.com/sites/default/files/Air-India-Logo-Up-1.jpg,"India's national airline, now owned by the Tata Group.",,,,,,,
Ajanta Pharma Limited (APL),http://www.pharmacircle.com/_get_company_logo.php?company_id=7821,#N/A,,,,,,,
Akasa air,https://cdn.freelogovectors.net/wp-content/uploads/2022/09/akasa-air-logo-freelogovectors.net_.png,New Indian airline offering domestic flights.,,,,,,,
Akzonobel,https://logos-world.net/wp-content/uploads/2022/05/Akzonobel-Logo.jpg,Global paints and coatings company.,,,,,,,
Allcargo Logistics,https://companieslogo.com/img/orig/ALLCARGO.NS_BIG-af354316.png?t=1604232061,Integrated logistics solutions provider.,,,,,,,
Allegis Group,https://vectorseek.com/wp-content/uploads/2023/04/Allegis-Group-Logo-Vector.jpg,Global talent solutions firm providing staffing and recruitment services.,,,,,,,
American Express,https://logodownload.org/wp-content/uploads/2014/04/amex-american-express-logo.png,Global financial services corporation offering payment cards and related services.,,,,,,,
Ample Leap,https://media.glassdoor.com/sqll/7765692/ample-leap-cognition-and-technologies-squarelogo-1663238245968.png,HR consulting and recruitment services provider.,,,,,,,
Anand Rathi Shares and Stock Brokers Ltd,https://www.greatplacetowork.in/great/api/assets/uploads/5649/logo/logo.jpg,#N/A,,,,,,,
Anarock,https://mma.prnewswire.com/media/830831/ANAROCK_Logo.jpg?p=facebook,Real estate services company specializing in consulting and property solutions.,,,,,,,
Andromeda Sales & Distribution Pvt Ltd,https://image3.mouthshut.com/images/imagesp/925842094s.png,#N/A,,,,,,,
Angular Minds,https://startupxplore.com/uploads/ff80808163daa14a0163fe85382d0da2-large.jpg,Software development company specializing in AngularJS technologies.,,,,,,,
API Holding,https://transparentcapital.co.in/assets/img/api.png,#N/A,,,,,,,
ARCHER Transnational Systems Pvt. Ltd.,https://media.glassdoor.com/banner/bh/2469966/archer-systems-banner-1608171227794.jpg,#N/A,,,,,,,
ArtECH India,https://www.artech.com/wp-content/uploads/2020/12/Artech-Logo.png,Digital solutions provider for the art and culture industry.,,,,,,,
Assiduus,https://www.finsmes.com/wp-content/uploads/2022/10/Assiduus_Global_Logo.jpeg,Global e-commerce accelerator and distribution company.,,,,,,,
Ather Energy,https://solarimpulse.com/files/companies/logo/2018-08-01-095133/logo_Ather_Energy.jpg,Electric scooter manufacturer and clean energy technology company.,,,,,,,
AU Small Finance Bank,https://companieslogo.com/img/orig/AUBANK.NS_BIG-6b40ea0b.png?t=1613441899,Banking institution focused on serving the underserved and unserved.,,,,,,,
Avaya,http://www.cetel.com.pl/wp-content/uploads/2016/05/2000px-Avaya_Logo.svg_.png,Global communications technology company providing cloud solutions.,,,,,,,
Axis Bank,https://4.bp.blogspot.com/-P5BiFJK-kL0/VKGZKc9UkTI/AAAAAAAAH7Y/jOwrZaTRRU0/s1600/Logo+Axis_Bank.png,One of India's leading private sector banks offering various financial services.,,,,,,,
Bajaj Allianz General Insurance,https://www.bajajallianz.com/content/dam/bagic/press-kit/Bagic-New-Logo-White-Blue_Bg_R1.png,#N/A,,,,,,,
Bajaj capital,https://www.newsvoir.com/images/user/logo/_bajaj-capital-official-logo.png,Financial services company offering investment and insurance advisory.,,,,,,,
Bajaj Finserv,https://www.companieshistory.com/wp-content/uploads/2021/12/Bajaj-Finserv-Limited-logo.jpg,"Financial services company providing loans, insurance, and investment solutions.",,,,,,,
Bandhan Bank,https://logowik.com/content/uploads/images/bandhan-bank3983.jpg,Banking institution focused on micro-finance and retail banking.,,,,,,,
Beyondsoft,http://photos.prnewswire.com/prnfull/20151002/273436LOGO,IT services and consulting company offering technology solutions.,,,,,,,
Bharat Financial Inclusion Limited,https://www.bfil.co.in/images/logos/BFIL-Logo.jpg,#N/A,,,,,,,
Bhartiya AXA,https://brandlogovector.com/wp-content/uploads/2021/11/Bharti-AXA-Logo-Small.png,#N/A,,,,,,,
Bisleri,http://www.logotypes101.com/logos/912/9FE11AF655031FB2E40605E0426D21A5/bisleriaquacolor.png,Leading bottled water company in India.,,,,,,,
Bizom,https://bizom.com/wp-content/uploads/2021/07/Bizom_logo_Blue-1060879244-1635316195620.png,Retail intelligence platform offering SaaS solutions for consumer goods companies.,,,,,,,
Blue Star Diamonds Pvt. Ltd,https://media-exp1.licdn.com/dms/image/C4E0BAQEmWNMLqFiOIw/company-logo_200_200/0/1622720593767?e=2147483647&v=beta&t=Ehyd3j1dG4McADhnkix94gyjZsoIJ0TT9F_rwyw34r0,#N/A,,,,,,,
BlueKaktus,https://e-itm.net/wp-content/uploads/2022/03/feb22-Bluekaktus-Logo.jpg,Supply chain management software company for fashion and retail.,,,,,,,
Book My Show,https://www.pngitem.com/pimgs/m/578-5784441_bookmyshow-nextbigbrand-transparent-book-my-show-logo-hd.png,#N/A,,,,,,,
Borosil,https://bakewithshivesh.com/wp-content/uploads/2022/04/Borosil-Logo.jpeg,Leading manufacturer of glassware and consumer products.,,,,,,,
Buzzworks Business Services Pvt. Ltd.,"https://images-wixmp-ed30a86b8c4ca887773594c2.wixmp.com/f/54ed74c7-c291-4edc-9c22-1517f0bb6e84/df8d3ll-25bc1d9c-7d96-46fe-b509-bc5971e13037.jpg/v1/fill/w_250,h_250,q_75,strp/buzzworks_logo_by_buzzworksbusiness_df8d3ll-fullview.jpg?token=eyJ0eXAiOiJKV1QiLCJhbGciOiJIUzI1NiJ9.eyJzdWIiOiJ1cm46YXBwOjdlMGQxODg5ODIyNjQzNzNhNWYwZDQxNWVhMGQyNmUwIiwiaXNzIjoidXJuOmFwcDo3ZTBkMTg4OTgyMjY0MzczYTVmMGQ0MTVlYTBkMjZlMCIsIm9iaiI6W1t7ImhlaWdodCI6Ijw9MjUwIiwicGF0aCI6IlwvZlwvNTRlZDc0YzctYzI5MS00ZWRjLTljMjItMTUxN2YwYmI2ZTg0XC9kZjhkM2xsLTI1YmMxZDljLTdkOTYtNDZmZS1iNTA5LWJjNTk3MWUxMzAzNy5qcGciLCJ3aWR0aCI6Ijw9MjUwIn1dXSwiYXVkIjpbInVybjpzZXJ2aWNlOmltYWdlLm9wZXJhdGlvbnMiXX0.zToXcbkmSMkeb3hLKt7RUszWWXEdSeMl7lyQDK-khSw",#N/A,,,,,,,
Bwise - BFSI & IT Hiring,,#N/A,,,,,,,
ICICI Prudential,https://iconape.com/wp-content/files/ek/264486/svg/264486.svg,#N/A,,,,,,,
CABT Group pvt LTD,https://www.cabtechnologies.com/wp-content/uploads/2021/07/CABTechnologies.png,#N/A,,,,,,,
Calsoft.,https://logosrated.net/wp-content/uploads/parser/Calsoft-Logo-1.jpg,#N/A,,,,,,,
Canera HSBC,https://mma.prnewswire.com/media/2535578/4978260/Canara_HSBC_Life_Insurance_Logo.jpg?p=facebook,#N/A,,,,,,,
CapitalSquare Advisors Pvt. Ltd.,http://primedatabasegroup.com/primegroup_client/client/capitalsquarelogo.png,#N/A,,,,,,,
Careercraft,https://careercraft.com/images/og-image.png,Career development and recruitment services provider.,,,,,,,
Chetana Education Limited,https://cdn.statically.io/img/chetanaeducation.com/wp-content/uploads/2021/02/chetna-1.jpg?quality=100&f=auto,#N/A,,,,,,,
Choice india,https://tradebrains.in/wp-content/uploads/2022/07/Choice-India-Broking-Logo.png,Financial services company providing broking and advisory services.,,,,,,,
Ciferon.,https://listcarbrands.com/wp-content/uploads/2016/02/Citroen-Logo-history.png,#N/A,,,,,,,
CNH,https://www.janeirodigital.com/wp-content/uploads/2017/03/cnh-logo.png,Global manufacturer of agricultural and construction equipment.,,,,,,,
Coders Brain,https://www.codersbrain.com/wp-content/uploads/2023/03/logo-black.png,Software development and IT consulting company.,,,,,,,
Cognizant,https://1000logos.net/wp-content/uploads/2021/09/Cognizant-Logo.png,Global professional services company providing IT and consulting services.,,,,,,,
Collabera,https://mma.prnewswire.com/media/470216/Collabera_Logo.jpg?p=facebook,IT staffing and services company.,,,,,,,
Commutec,https://members.commutewithenterprise.com/logo.png,Digital marketing and communications agency.,,,,,,,
Consultancy.,https://bcassetcdn.com/public/blog/wp-content/uploads/2019/07/18094634/blue-chart-consulting.png,#N/A,,,,,,,
Conviction Hr Pvt Ltd,https://recruiter.engineersconnect.com/storage/profiles/1b6z7LG6Y7f0oCMyQvx48GgwvLvh2sqPZdDWoQvC.png,#N/A,,,,,,,
Corbus LLC,https://media-exp1.licdn.com/dms/image/C4D0BAQEIQZGjhdCQXg/company-logo_200_200/0/1547053501040?e=2147483647&v=beta&t=iC1GTgmsBMsnoPKUPQowilkzMR7Jsmykme9WHuVLE4I,Business process management and IT consulting services provider.,,,,,,,
CrossAsyst Technologies Pvt Ltd,https://illuminateminds.com/wp-content/uploads/Featured-Image-Post-Dimension-1080x675.png,#N/A,,,,,,,
Crownstack,https://media.glassdoor.com/sqll/2047702/crownstack-squarelogo-1560170511286.png,Software development and technology consulting company.,,,,,,,
Crystal Containers.,https://crystalcontainers.com/wp-content/uploads/2023/06/logo1-600x188.jpg,#N/A,,,,,,,
D.B. Distributors (P & G),https://dbd.org.in/assets/img/dbglogo.png,#N/A,,,,,,,
Dainik Bhaskar Group,https://www.logotypes101.com/logos/960/86B6775317E49D5EEB89601997F7BBF5/dainikbhaskar.png,Media conglomerate operating newspapers and digital media platforms.,,,,,,,
Datamatics,https://vectorseek.com/wp-content/uploads/2023/04/Datamatics-Logo-Vector.jpg,Global technology and BPO company.,,,,,,,
DCB Bank,https://assets.stickpng.com/images/627cc9bb1b2e263b45696a9c.png,Private sector bank offering retail and corporate banking services.,,,,,,,
Deloitte,https://www.pngall.com/wp-content/uploads/13/Deloitte-Logo-PNG-Cutout.png,"Global professional services network providing audit, consulting, tax, and advisory services.",,,,,,,
"DigitalWin Business Agency pvt.ltd.,",https://yt3.googleusercontent.com/xSj5akFcvT4E2Gv604yLSwLTDMnWUkqMYvereocTizfuJU7VBtmB3hcCZiBGwopmE9Rkxqq-kw=s900-c-k-c0x00ffffff-no-rj,#N/A,,,,,,,
Dmart,https://vectorseek.com/wp-content/uploads/2023/04/DMart-Logo-Vector.jpg,Hypermarket and retail chain.,,,,,,,
DMRank Technologies Pvt. Ltd.,https://4.imimg.com/data4/XT/RA/MY-3097946/frank-technologies-pvt-ltd-350x120.png,#N/A,,,,,,,
DP World,https://logowik.com/content/uploads/images/dp-world6512.logowik.com.webp,Global logistics company and port terminal operator.,,,,,,,
"Driver Logistics LLP,",http://ezydrive.in/static/media/main_logo.d2591199.png,#N/A,,,,,,,
DTDC,https://cdn.freelogovectors.net/wp-content/uploads/2018/03/DTDC-logo.png,Express delivery and courier services company.,,,,,,,
Dyninno Group,https://www.incimages.com/uploaded_files/inc5000company/dyninno_logo_102405.png,"Global technology company operating in travel, finance, and entertainment.",,,,,,,
Easylink Services,https://dypdvfcjkqkg2.cloudfront.net/large/6141081-7109.png,Business process outsourcing and communications services.,,,,,,,
Eclerx,https://eclerx.com/wp-content/uploads/2018/03/eClerx-Logo_Final.png,Digital solutions and business process management company.,,,,,,,
eClinicalWorks,https://mms.businesswire.com/media/20221018005001/en/1594260/23/eclinicalworks-logo-white.jpg,Healthcare IT solutions provider offering electronic health records.,,,,,,,
Edelweiss Tokio Life Insurance,https://brandstory.eletsonline.com/wp-content/uploads/2024/06/Edelweiss-Tokio-Life-Insurance.jpg,Life insurance company offering various insurance products.,,,,,,,
Edubrideg Learning Pvt Ltd,https://e27.co/img/startups/8824/logo-1448503970.png,#N/A,,,,,,,
Edugenius Softwares LLP,https://fresheropenings.com/wp-content/uploads/2020/06/download-3.jpeg,#N/A,,,,,,,
Eicher Tractors,https://car-logos.net/wp-content/uploads/2023/04/eicher-logo-2005-present-scaled.webp,Manufacturer of tractors and agricultural equipment.,,,,,,,
Enrich Salons & Academy,https://cdn0.weddingwire.in/vendor/5543/3_2/960/jpg/enrich-salon-academy-logo_15_5543.jpeg,Premium salon chain offering beauty and wellness services.,,,,,,,
Equentis,https://equentis.com/blog/wp-content/uploads/2024/03/1794-23-Equentis-Logo-Design-Formats_Logo-2-1024x576.jpg,Financial technology and analytics company.,,,,,,,
Ergode,https://media.glassdoor.com/sqll/804164/ergode-inc-squarelogo-1432386644972.png,Software development and IT consulting services provider.,,,,,,,
Ergos Technology Development Center,https://ergos.com/wp-content/uploads/2015/08/Ergos-Logo.png,#N/A,,,,,,,
ESAF,https://www.pngfind.com/pngs/m/425-4250184_esaf-bank-logo-esaf-small-finance-bank-logo.png,Small finance bank offering financial services to underserved communities.,,,,,,,
Even Healthcare,https://globalprimenews.com/wp-content/uploads/2023/07/IMG_20230703_170836.jpg,Healthcare technology company providing digital healthcare services.,,,,,,,
Expound Technovivo,https://www.expoundtechnivo.com/_next/static/media/expound-footer-logo.ad105ff0.png,IT services and software development company.,,,,,,,
EY,https://logodownload.org/wp-content/uploads/2019/10/ernst-young-logo-0.png,"Global professional services firm offering assurance, tax, transaction, and advisory services.",,,,,,,
Factset,https://logowik.com/content/uploads/images/factset4693.jpg,Financial data and software company for investment professionals.,,,,,,,
Factspan,https://www.factspan.com/wp-content/uploads/2023/08/header-logo.svg,Data analytics and business intelligence company.,,,,,,,
Fedral Bank,https://assets.stickpng.com/images/627ccab31b2e263b45696aa2.png,#N/A,,,,,,,
Filpkart,https://logos-world.net/wp-content/uploads/2020/11/Flipkart-Logo-2015-present.jpg,#N/A,,,,,,,
Fintoo/ Consaltan,https://media.glassdoor.com/sqll/763738/fino-consulting-squarelogo-1392305077742.png,#N/A,,,,,,,
FOLKSKILL PVT LTD,https://designsmansion.com/assets/images/portfolio/logo/2.jpg,#N/A,,,,,,,
Fooskill,https://logowik.com/content/uploads/images/fossil-new4401.jpg,Skill development and corporate training company.,,,,,,,
Fundsindia,https://mma.prnewswire.com/media/724271/FundsIndia_Logo.jpg?p=publish,Online investment platform for mutual funds and other financial products.,,,,,,,
Fundsroom,https://media-exp1.licdn.com/dms/image/C560BAQFP9KyBiunikA/company-logo_200_200/0/1617622591662?e=2159024400&v=beta&t=Ksrb56jpGOKS_iksJZl6b8pS68Oc-KbFCxH-GffZ1lc,Financial technology company offering investment solutions.,,,,,,,
Future Focus Infotech Private Limited,https://cutshort.io/horizontal-og-image?img=https://cdn.cutshort.io/public/companies/569c955aaa75b81b48c09082/future-focus-infotech-private-limited-logo,#N/A,,,,,,,
Galti,https://iconape.com/wp-content/files/jd/304635/svg/304635.svg,#N/A,,,,,,,
Gazon Communications India Ltd,https://gazonindia.com/wp-content/uploads/2023/03/Gazon-Communications-Logo-1.png,#N/A,,,,,,,
Geminus Tech,https://geminustech.com/wp-content/uploads/2023/10/Geminus-logo-for-website-dark.svg,IT consulting and software development company.,,,,,,,
Ghodawat Consumer LTD,https://mma.prnewswire.com/media/1759521/Ghodawat_Consumer_Logo_Logo.jpg?p=facebook,#N/A,,,,,,,
Global Service Desk,https://0701.static.prezi.com/preview/v2/rjtnxhgjl7vj3qx63voc3s66536jc3sachvcdoaizecfr3dnitcq_3_0.png,IT support and service desk solutions provider.,,,,,,,
GMR,https://logowik.com/content/uploads/images/gmr-group2964.jpg,"Infrastructure development company with interests in airports, energy, and transportation.",,,,,,,
GOLDEN STAFFING SOLUTIONS,https://goldenlaborstaffing.com/wp-content/uploads/2023/09/1Artboard-112341111111-6-1024x576.png,Recruitment and staffing services provider.,,,,,,,
Good Flippin Burgers,https://stores.goodflippin.com/wp-content/uploads/2024/01/gfb-logo.png,Fast-food restaurant chain specializing in burgers.,,,,,,,
GrayQuest,https://www.dpspanvel.com/site-assets/images/logo/grayquest.png,Educational financial technology company offering fee financing.,,,,,,,
Greenlam Industries ltd,https://www.equitybulls.com/equitybullsadmin/uploads/Greenlam Industries Limited Logo 2.jpg,#N/A,,,,,,,
Growel Softech Ltd,http://companies.naukri.com/growelsoftech-careers/wp-content/uploads/sites/956/2014/07/growel-softech-projects.jpg,#N/A,,,,,,,
Grown Diamond Corporation,https://www.growndiamondcorp.com/Content/public/images/logo.png,Producer of lab-grown diamonds.,,,,,,,
HDB Financial Services Ltd.,https://indiancompanies.in/wp-content/uploads/2020/06/HDB-Financial-Service.png,#N/A,,,,,,,
HDFB Bank,https://logosmarcas.net/wp-content/uploads/2020/11/HDFC-Bank-Emblema.png,#N/A,,,,,,,
HDFC Life,https://1000logos.net/wp-content/uploads/2021/06/HDFC-Life-Logo.png,Life insurance company offering various insurance products.,,,,,,,
Hexaware Technologies Limited,https://vectorseek.com/wp-content/uploads/2022/03/Hexaware-Technologies-Logo-Vector.jpg,#N/A,,,,,,,
Him Technology Private Limited,https://www.himtechdist.com/images/htpl-logo.jpg,#N/A,,,,,,,
Hughes Systique Pvt. Ltd,https://seeklogo.com/images/H/hughes-systique-logo-1B7395A070-seeklogo.com.png,#N/A,,,,,,,
Human talent Expert,https://www.humantalentexpert.com/images/human.png,HR consulting and recruitment services provider.,,,,,,,
Hurixdigital,https://hurix.com/wp-content/uploads/2017/01/Hurix-Logo-1.png,#N/A,,,,,,,
IAAPI / Arihant water park,https://iaapi.org/blogImgs/1704087137-IAAPI Logo Horizontal.jpeg,#N/A,,,,,,,
ICICI Pro,https://static.vecteezy.com/system/resources/previews/020/190/431/non_2x/icici-logo-icici-icon-free-free-vector.jpg,Banking and financial services from ICICI Bank.,,,,,,,
ICICI Prudential Life Insurance,https://seeklogo.com/images/I/icici-prudential-life-insurance-logo-EFE52573B1-seeklogo.com.png,#N/A,,,,,,,
Imenso Software,https://logowik.com/content/uploads/images/imenso-software5786.logowik.com.webp,Software development and IT consulting company.,,,,,,,
ims group recruiter,https://www.imsgroup.com/img/logo.png,#N/A,,,,,,,
IMT,https://brandslogos.com/wp-content/uploads/images/large/imt-logo.png,Educational institution offering management programs.,,,,,,,
India Mart,https://seeklogo.com/images/I/indiamart-logo-DA6C405983-seeklogo.com.png,#N/A,,,,,,,
IndiaFilings,https://wikitia.com/images/3/35/IndiaFilings.png,Business and legal services platform for company registration and compliance.,,,,,,,
IndusInd Bank,https://www.pngitem.com/pimgs/m/153-1531648_indusind-bank-logo-vector-indusind-bank-logo-png.png,Private sector bank offering retail and corporate banking services.,,,,,,,
InfraBeat Technologies Pvt. Ltd.,https://media-exp1.licdn.com/dms/image/C510BAQF7zQ-_to1UgQ/company-logo_200_200/0?e=2159024400&v=beta&t=cfAN1X2EkXZFtsPxRiHnAA8qHW2DZg7yCxkRfpbY8Yw,#N/A,,,,,,,
INGENETUS,"https://images-wixmp-ed30a86b8c4ca887773594c2.wixmp.com/f/1f2230f3-d395-4701-9831-457e72d51cdf/df0ksjs-0ac2c073-1b20-4c23-b227-7db1a294a480.png/v1/fill/w_1189,h_305,strp/ingenious_logo_w_warner_bylin_by_appleberries22_df0ksjs-fullview.png?token=eyJ0eXAiOiJKV1QiLCJhbGciOiJIUzI1NiJ9.eyJzdWIiOiJ1cm46YXBwOjdlMGQxODg5ODIyNjQzNzNhNWYwZDQxNWVhMGQyNmUwIiwiaXNzIjoidXJuOmFwcDo3ZTBkMTg4OTgyMjY0MzczYTVmMGQ0MTVlYTBkMjZlMCIsIm9iaiI6W1t7ImhlaWdodCI6Ijw9MzA1IiwicGF0aCI6IlwvZlwvMWYyMjMwZjMtZDM5NS00NzAxLTk4MzEtNDU3ZTcyZDUxY2RmXC9kZjBrc2pzLTBhYzJjMDczLTFiMjAtNGMyMy1iMjI3LTdkYjFhMjk0YTQ4MC5wbmciLCJ3aWR0aCI6Ijw9MTE4OSJ9XV0sImF1ZCI6WyJ1cm46c2VydmljZTppbWFnZS5vcGVyYXRpb25zIl19.mYxqZUC2HEjdO72l-QQ3GjJ380QCKldXiSXka2bSnto",Engineering and technology solutions provider.,,,,,,,
Jana Small bank,https://currentaffairs.adda247.com/wp-content/uploads/2020/04/11095751/Jana-small-Finance-Bank.jpg,#N/A,,,,,,,
Jetking Infotrain Ltd,https://contacts.zoho.com/file?ot=8&t=serviceorg&ID=684046058,#N/A,,,,,,,
Jio,https://logos-world.net/wp-content/uploads/2020/11/Jio-Logo.png,Telecommunications and digital services company.,,,,,,,
JM Consultancy,https://seeklogo.com/images/J/jm-consulting-healthcare-logo-2ACEDF2CCE-seeklogo.com.png,Business consulting and advisory services provider.,,,,,,,
JM Financial,https://s3-symbol-logo.tradingview.com/jm-financial--600.png,Financial services company offering investment banking and wealth management.,,,,,,,
JP Infra,https://biz.prlog.org/jpinfra/logo.jpg,Real estate development company.,,,,,,,
Just Dial,https://www.liblogo.com/img-logo/ju7956j474-justdial-logo-justdial-logo-download-vector.png,Local search service providing information about businesses and services.,,,,,,,
JWS,https://static.vecteezy.com/system/resources/previews/010/213/537/non_2x/jws-letter-technology-logo-design-on-white-background-jws-creative-initials-letter-it-logo-concept-jws-letter-design-vector.jpg,Legal services and advisory firm.,,,,,,,
K11 School of Fitness Sciences,https://www.karosearch.com/images/uploads/original/3681_banner.jpg,Education institute for fitness training and sports science.,,,,,,,
Keka,https://aniportalimages.s3.amazonaws.com/media/details/Keka_-_Logo-01_WKWT7pd.jpg,HR management software platform.,,,,,,,
Kensium,https://www.myworkforcego.com/wp-content/uploads/2023/11/kensium-logo.png,E-commerce solutions provider and technology consulting company.,,,,,,,
KHY Electronics India Pvt. Ltd,https://media-exp1.licdn.com/dms/image/C510BAQHH5a-WLcjjRg/company-logo_200_200/0/1572105532906?e=2159024400&v=beta&t=ePb9jrUXdOc_UgU87r20b2rfQo0z9oN9GUf529J6o6Q,#N/A,,,,,,,
Kiya.ai,https://cpl.thalesgroup.com/sites/default/files/content/partners/logo/2023-08/Kiya_ai_Logo.jpg,Financial technology company providing digital banking solutions.,,,,,,,
Kotak Mahindra Bank,https://logo-logos.com/2016/10/Kotak_Mahindra_Bank_logo_image_picture.png,Private sector bank offering various financial services.,,,,,,,
Krishna enterprise,https://img.staticmb.com/mbimages/photo_dir/developer/original_images/50218/Krishna-Enterprise-1386236059773-Developer-Logo.jpg,Trading and distribution company.,,,,,,,
Kunvarji,https://b2h9h9q9.rocketcdn.me/wp-content/uploads/2022/10/Kunvarji-Franchise-Logo.png,Financial services company offering broking and investment solutions.,,,,,,,
L&T,https://www.pngkit.com/png/detail/155-1559447_l-t-logo-svg-l-t-hydrocarbon-engineering.png,"Engineering, construction, and manufacturing conglomerate.",,,,,,,
Leadsquared,https://softwarehorsepower.com/wp-content/uploads/2023/02/LeadSquared-logo-1-1-1536x282.png,CRM and marketing automation platform.,,,,,,,
Lenskart,https://1000logos.net/wp-content/uploads/2022/10/Lenskart-Logo-1536x864.png,Eyewear retail chain offering prescription glasses and sunglasses.,,,,,,,
Life Care Logistic Private Limited,http://www.lifecarelogistic.com/wp-content/uploads/2017/04/Life_care_logistics_logo01.png,#N/A,,,,,,,
Livespace,https://traffit.com/wp-content/uploads/2023/11/Livespace-Logo-Navy.webp,#N/A,,,,,,,
Lodha Group,https://companieslogo.com/img/orig/LODHA.NS_BIG-691dc856.png?t=1632892381,Real estate development company.,,,,,,,
LogiQids,https://www.logiqids.com/images/homepage/lq-logo.png,Education technology company focusing on logical reasoning skills.,,,,,,,
Mahindra Holidays,https://bsmedia.business-standard.com/_media/bs/img/article/2023-03/31/full/1680276626-3225.jpg,Vacation ownership and leisure hospitality company.,,,,,,,
MakeMyTrip,https://logodix.com/logo/2126664.png,"Online travel company offering booking services for flights, hotels, and packages.",,,,,,,
ManpowerGroup,https://purepng.com/public/uploads/medium/purepng.com-manpowergroup-logologobrand-logoiconslogos-251519940312ayc2l.png,Workforce solutions company offering recruitment and staffing services.,,,,,,,
Manubhai Gems Pvt. Ltd.,https://cdn0.weddingwire.in/vendor/0323/3_2/640/jpg/manubhai-jewellers-logo_15_50323.jpeg,#N/A,,,,,,,
Mapping Metrics,https://cdn3.vectorstock.com/i/1000x1000/41/62/metrics-logo-template-data-analytics-icon-vector-49674162.jpg,Data analytics and business intelligence company.,,,,,,,
Mentoria,https://mir-s3-cdn-cf.behance.net/project_modules/fs/654ae414959675.5628b37e25b97.jpg,Career guidance and counseling platform.,,,,,,,
Metal seam,https://3.imimg.com/data3/HP/TL/MY-17548470/metal-seam-co-private-limited-logo.jpg,Metal fabrication and manufacturing company.,,,,,,,
MICL Group,https://miclglobal.com/wp-content/uploads/2022/07/logo.png,Real estate and infrastructure development company.,,,,,,,
MLL Express Services Pvt Ltd,https://rivigo.darwinbox.in/ms/s3proxy/getFile?fileKey=INSTANCE2_58f84a03cda41_80/logo/a636ca206347f1__tenant-avatar-80_1178174391.jpg,#N/A,,,,,,,
Mobavenue Media,https://globalprimenews.com/wp-content/uploads/2022/02/IMG-20220224-WA0032-1024x1024.jpg,Mobile advertising and marketing technology company.,,,,,,,
Mobisy Tech,https://d1myhw8pp24x4f.cloudfront.net/company_logo/1644569981_Bizom Logo_Blue.png,Mobile-first SaaS platform for retail execution.,,,,,,,
Modern Insulators LTD,https://www.equitybulls.com/equitybullsadmin/uploads/Modern Insulators Limited 2.jpg,#N/A,,,,,,,
Molbio Diagnostics Private Limited,https://industry.pharmaceutical-tech.com/suppliers/molbio-diagnostics-pvt-ltd/20220810070703479412723.jpg,#N/A,,,,,,,
Morpheus Human Consulting,https://media-exp1.licdn.com/dms/image/C510BAQFlnDhtwZbDZQ/company-logo_200_200/0/1540548310860?e=2159024400&v=beta&t=T5UMuoyVQXmS-iyb6ieOOmWEfvQMsBFjuxz5oj_QDfI,HR consulting and talent management company.,,,,,,,
Morton,https://refed.org/uploads/articles/Morton_Logo_full_color.jpg?_cchid=4b75802a85a25d4b0bd937cd9b243321,Real estate development and construction company.,,,,,,,
Motila Oswal,https://images.seeklogo.com/logo-png/50/1/motilal-oswal-financial-services-logo-png_seeklogo-502493.png,#N/A,,,,,,,
MUFG Pension & Market Services,https://www.acnnewswire.com/images/company/MUFG220.jpg,Financial services company providing pension and market services.,,,,,,,
Muthoot Finance,https://logowik.com/content/uploads/images/muthoot-finance9193.jpg,Non-banking financial company specializing in gold loans.,,,,,,,
NAOS,https://www.globalcosmeticsnews.com/wp-content/uploads/2022/09/naos-600-x-300-1280x640.jpeg,Skincare and beauty products company.,,,,,,,
Naturell India Private Limited,http://food.industry-report.net/wp-content/uploads/2019/01/naturell-india-pvt-ltd.jpg,#N/A,,,,,,,
Network Consultants,https://images-platform.99static.com/7LOzPQ1F97IG7a7QMQDQQFbtmpA=/0x0:1215x1215/500x500/top/smart/99designs-contests-attachments/95/95630/attachment_95630783,IT consulting and network solutions provider.,,,,,,,
NLB Services,https://media.designrush.com/agencies/290868/conversions/NLB-Services-logo-profile.jpg,IT staffing and workforce solutions provider.,,,,,,,
NWAY HRM,https://play-lh.googleusercontent.com/1Uc2TTjRuPDbmvAvN9LTKahDTswd2K9W8Ozd8sqgp9W5P6zo0Y95tU5-IhXSD-GdeP8,HR management solutions and consulting services provider.,,,,,,,
Nxtra by Airtel,https://www.nxtra.in/nxtra/images/blog_author.png,Data center services company owned by Bharti Airtel.,,,,,,,
OGRO Capital,https://www.agrocapital.ca/wp-content/uploads/2021/09/cropped-default.png,Investment management and advisory firm.,,,,,,,
OLA,https://toppng.com/uploads/preview/ola-cabs-logo-11609370766i2yfjghvsv.png,Ride-hailing and mobility services platform.,,,,,,,
Ola Electric Mobility,https://c8.alamy.com/comp/2WFJA3B/ukraine-31st-jan-2024-in-this-photo-illustration-the-ola-electric-mobility-logo-is-seen-on-a-smartphone-and-in-the-background-credit-sopa-images-limitedalamy-live-news-2WFJA3B.jpg,Electric vehicle manufacturer focusing on electric scooters.,,,,,,,
OM Trans Logistics Limited,https://media-exp1.licdn.com/dms/image/C510BAQHODqZTmtl1vA/company-logo_200_200/0/1532930331583?e=2147483647&v=beta&t=oSOiVwkuPC4154ZyRRKb-JQ7oeOGYuWKxWBx3zy15ms,#N/A,,,,,,,
Onward Technologies Limited,https://onwardtek.com/wp-content/uploads/2023/04/Onward_Tek_Logo.png,#N/A,,,,,,,
OYO,https://logodix.com/logo/738766.png,Hospitality chain operating budget hotels and living spaces.,,,,,,,
Perennial Systems,https://cdn.dribbble.com/users/1629976/screenshots/19271105/media/75d70ecea702d5b2fa2e8fec21208350.jpg?compress=1&resize=400x300&vertical=top,Software development and IT services company.,,,,,,,
Persistent Systems,https://companieslogo.com/img/orig/PERSISTENT.NS_BIG-8fb78ddd.png?t=1604067042,Technology services company specializing in software product development.,,,,,,,
Pharmeasy,https://tukuz.com/wp-content/uploads/2023/03/pharmeasy-logo-vector.png,Online pharmacy and healthcare platform.,,,,,,,
Phonepe,https://1000logos.net/wp-content/uploads/2022/11/PhonePe-Logo.png,Digital payments and financial services platform.,,,,,,,
PlanetSpark,https://bestmediainfo.com/uploads/2021/12/planetsparklogo_9.jpg,Online communication skills learning platform for children.,,,,,,,
PolicyBoss,https://www.policyboss.com/Images/PB.png,Insurance comparison and distribution platform.,,,,,,,
Prestige Group,https://companieslogo.com/img/orig/PRESTIGE.NS_BIG-52e09255.png?t=1604067042,Real estate development company.,,,,,,,
Probus Insurance Broker Private Limited,https://www.the-digital-insurer.com/wp-content/uploads/gravity_forms/121-b85494d6f39a74d0b46428cebf86381b/2020/03/Probus-Logo.png,#N/A,,,,,,,
Property Pistol PVT LTD,https://image.slidesharecdn.com/propertypistol-210527104557/85/property-pistol-1-638.jpg?cb=1668834285,#N/A,,,,,,,
Prozo,https://www.scrut.io/wp-content/uploads/2022/12/prozo-01.png,Supply chain and warehousing solutions provider.,,,,,,,
Public Media Solution,https://static.wikia.nocookie.net/logopedia/images/7/7c/Public_Media_Solution.jpeg/revision/latest/scale-to-width-down/330?cb=20200908183542,Digital marketing and PR agency.,,,,,,,
Quicksense Innovations,https://www.fastenersweb.com/upload/companylogo/99370b299cef5ebd71d7f39e165fe40a.png,Technology solutions provider using IoT and AI.,,,,,,,
Qx Global,https://qxglobalgroup.com/wp-content/uploads/2020/12/new-identity-same-commitment-unveiling-the-new-qx-logo.jpg,Business process outsourcing and finance services provider.,,,,,,,
R1 RCM India,https://companieslogo.com/img/orig/RCM_BIG-d0c11098.png?t=1602007417,Revenue cycle management services for healthcare providers.,,,,,,,
R2R Consultants / Matrix 3D,https://media-exp1.licdn.com/dms/image/C4E0BAQGDPpvT-mA0TQ/company-logo_200_200/0/1624513816373?e=2159024400&v=beta&t=GKLeT2MVR-IOyyd8cy33LvD-vOmFxTqTc7G8m8iL5dg,#N/A,,,,,,,
Radio City India,https://www.radiocity.in/assets/images/rc-logo.png,FM radio broadcaster.,,,,,,,
Raheja Universal,https://rahejadistricts.com/_next/static/media/raheja_universal_logo.142b57fc.webp,Real estate development company.,,,,,,,
Randstad,https://500pour100.com/wp-content/uploads/2017/11/randstad-logo-HD.jpg,HR services and staffing solutions provider.,,,,,,,
Rawalwasia Groups,https://rawalwasia.in/wp-content/uploads/2023/10/Rawalwasia.png,Business conglomerate with interests in real estate and infrastructure.,,,,,,,
Recur Club,https://uploads-ssl.webflow.com/62c3cad34a5b3235b0d518de/6306128a1b93d6fe29b70a6f_Recur Logo Black%401.5x.svg,Financial technology platform for recurring revenue businesses.,,,,,,,
Regalix,http://assets.agencyspotter.com/uploads/agency_image/image/30486/twitter_Regalix-02-01.jpg,Revenue acceleration and customer experience company.,,,,,,,
Reliance Retail,https://assets.entrepreneur.com/content/3x2/2000/20200215095952-Relianceretailv1.jpeg,Retail business of Reliance Industries Limited.,,,,,,,
RISE Infraventures Limited,https://images.yourstory.com/cs/images/companies/f7b663aab4ec-WhatsAppImage20220920at3-1663756095528.jpg?fm=auto&ar=1:1&mode=fill&fill=solid&fill-color=fff,#N/A,,,,,,,
S & D Wealth Advisors,https://lookaside.fbsbx.com/lookaside/crawler/media/?media_id=100083324651538,Wealth management and financial planning services provider.,,,,,,,
S K Fincap advisors pvt.ltd,https://www.gnbcc.net/Pix/News/2021-05-28_0_Logo-_FINCAP.png,#N/A,,,,,,,
Sab Paisa,https://static.theprint.in/wp-content/uploads/2023/07/ANI-20230704085833.jpg,Payment solutions and financial services provider.,,,,,,,
SATMAT GROUP,https://images.yourstory.com/cs/images/companies/ea7241412c13-satmatlogo-1647343772376.jpg?fm=auto&ar=1:1&mode=fill&fill=solid&fill-color=fff,Business group with interests in multiple sectors.,,,,,,,
SBI Bank,https://cdn.freebiesupply.com/logos/large/2x/sbi-state-bank-of-india-logo-png-transparent.png,India's largest public sector bank.,,,,,,,
Servotech Power Systems Limited,https://www.indianbureaucracy.com/wp-content/uploads/2023/05/Servotech-Power-Systems-Logo-678x381.png,#N/A,,,,,,,
Share India Insurance Brokers Pvt Ltd.,https://www.shareindia.com/wp-content/uploads/2023/11/71.png,#N/A,,,,,,,
SIB Infotech,https://www.sibinfotech.com/assets/images/sib-logo.png,IT services and solutions provider.,,,,,,,
Six Phrase,https://www.verandalearning.com/web/application/files/4716/8958/6183/Six_Phrase_1.png,Natural language processing and AI solutions provider.,,,,,,,
smartservicez.com,https://smartservices.com.vn/wp-content/uploads/2022/07/LOGO-FILE-THIET-KE-black-1024x318.png,#N/A,,,,,,,
SMS Group GmbH,https://i1.rgstatic.net/ii/institution.image/AS:836767548715009%401576512338088_l,Engineering company for steel and nonferrous metals processing.,,,,,,,
Sony,https://logos-world.net/wp-content/uploads/2020/04/Sony-Logo-1962-1969.png,Global electronics and entertainment conglomerate.,,,,,,,
Source Solutions Incorporated,https://media-exp1.licdn.com/dms/image/C4E0BAQHJJKLYG8m1AA/company-logo_200_200/0/1639885959170?e=2147483647&v=beta&t=UZt9jWaNjNZArT1nvA6S67k-1qdSzV9NZJ7n9tGnpQk,#N/A,,,,,,,
Squareyards.,https://images.yourstory.com/cs/images/companies/sy-logo-1620909379563.jpg?fm=auto&ar=1:1&mode=fill&fill=solid&fill-color=fff,#N/A,,,,,,,
SRKay Consulting Group,https://fastercapital.com/images/company/slider/srkay-consulting-group.jpg,Technology consulting and venture capital firm.,,,,,,,
Stalwart Management Consulting / Wipro,https://i.pinimg.com/originals/03/1a/b1/031ab1329da9a72190cacb119eed906a.png,#N/A,,,,,,,
Stellar Information Technology Pvt. Ltd,https://media-exp1.licdn.com/dms/image/C510BAQHV2XSqzhQfNg/company-logo_200_200/0/1534771017810?e=2147483647&v=beta&t=UMZzS0-0QTRcKXuuObKbSzJ5p-yj1ZclSwgI5Gz2y4c,#N/A,,,,,,,
Stigma Software pvt,https://cf.shopee.co.id/file/8fc8bd9361879968824e7b9b95291989,#N/A,,,,,,,
Stirrup Communication Consultants.,"https://images.crunchbase.com/image/upload/c_pad,h_256,w_256,f_auto,q_auto:eco,dpr_1/jcevmwhxdr8v652mnw1t",#N/A,,,,,,,
Stone Soup.,https://www.arieltheatrical.org/wp-content/uploads/2022/11/Stone-Soup-Logo-scaled.jpg,#N/A,,,,,,,
Sula Wines,"https://www.wine.com/product/images/w_480,c_fit,q_auto:good,fl_progressive/387219_refDetail-0.jpg",Wine producer and vineyard operator.,,,,,,,
sun king,https://www.pngkey.com/png/detail/107-1071705_sun-king-brewig-logo-sun-king-brewery-logo.png,Solar energy products manufacturer for off-grid communities.,,,,,,,
supreme facility management pvt. ltd.,https://supremefacility.com/wp-content/uploads/2023/11/sfm-sticky-logo-1.png,#N/A,,,,,,,
Swastika Investmart Ltd,https://media-exp1.licdn.com/dms/image/C510BAQGI7Ltg6BD9qw/company-logo_200_200/0?e=2159024400&v=beta&t=Sd1qyI62PvC153AaI-P_GoQRuusDIdcN-tgIi7MjnLY,#N/A,,,,,,,
Swiggy,https://logos-world.net/wp-content/uploads/2020/11/Swiggy-Logo.png,Online food ordering and delivery platform.,,,,,,,
Synergy Staffing & Consultancy Services Pvt. Ltd.,https://3.imimg.com/data3/LX/GS/MY-9632582/synergy-staffing-consultancy-services-private-limited-logo.png,#N/A,,,,,,,
T&N Business Services Pvt Ltd,https://www.tnservices.in/img/logo.png,#N/A,,,,,,,
T&S Consultan,https://img1.wsimg.com/isteam/ip/9a8fb1bb-0bfe-44e3-a781-c3a4cdcf7512/T%26S Logo Group 2-2.png,#N/A,,,,,,,
TATA AIA,https://aniportalimages.s3.amazonaws.com/media/details/Tata_AIA_Life_Brand_Logo_OBDLjtc.jpg,Life insurance company offering various insurance products.,,,,,,,
TCS,https://indiancompanies.in/wp-content/uploads/2020/05/TCS-Logo-Tata-consultancy-service-1920x1144.png,"Global IT services, consulting, and business solutions company.",,,,,,,
Team Computers,https://d2q79iu7y748jz.cloudfront.net/s/_squarelogo/ac7eda1df1e4388fc5d07d518cd87555,IT infrastructure and solutions provider.,,,,,,,
"Technossus, USA",https://d1hbpr09pwz0sk.cloudfront.net/logo_url/technossus-usa-5d7c5fb0,#N/A,,,,,,,
The Leela,https://failurebeforesuccess.com/wp-content/uploads/2022/10/Untitled-design-1024x907.png,Luxury hotel chain.,,,,,,,
The Talent Aura,https://www.enovation.ie/wp-content/uploads/2020/09/Aura_Talent_Logo_Stacked_Color-2-1.png,HR consulting and talent acquisition services provider.,,,,,,,
Thinkitive,https://freshers.jobs/wp-content/uploads/2022/03/thinkitive.jpg,Software development and technology consulting company.,,,,,,,
Thyrocare Technologies Ltd.,https://mysuccessproject.in/wp-content/uploads/2023/01/Thyrocare-Logo.jpg,#N/A,,,,,,,
Tiger Analytics,https://www.mediainfoline.com/wp-content/uploads/2023/10/tiger-analytics-logo.jpg,Analytics and AI solutions provider.,,,,,,,
Titan Biotech Ltd.,https://iconape.com/wp-content/png_logo_vector/titan-biotech-limited-logo.png,#N/A,,,,,,,
TN Services,https://tnservices.nl/wp-content/uploads/2022/06/tns_logo.jpg,Business support and consulting services provider.,,,,,,,
trackwizz,https://images.yourstory.com/cs/images/companies/download73-1694504019773.jpg?fm=auto&ar=1:1&mode=fill&fill=solid&fill-color=fff,GPS tracking and fleet management solutions provider.,,,,,,,
Transperfect,https://www.inclusionhub.com/hubfs/resource logos/TransPerfect logo.png,Language services and technology solutions provider.,,,,,,,
Trantor.,https://img.freepik.com/premium-vector/tractor-logo-illustration-premium-vector_86683-25.jpg?w=2000,#N/A,,,,,,,
TravClan,https://tourismquest.com/wp-content/uploads/2023/05/TravClan-Logo.jpg,B2B travel technology platform.,,,,,,,
Treebo Hotel,https://iconape.com/wp-content/files/cq/266660/svg/266660.svg,#N/A,,,,,,,
Trekw,https://logowik.com/content/uploads/images/trek-bicycle-corporation2920.jpg,Location-based services and mapping solutions provider.,,,,,,,
TSL Consulting Pvt. Ltd.,https://image3.mouthshut.com/images/imagesp/925857126s.png,#N/A,,,,,,,
UNICSOL INDIA PVT LTD,https://dynamic.placementindia.com/recruiter_comp_logo/615822.png,#N/A,,,,,,,
Unimrkt Research,https://www.unimrkt.com/images/footer-logo2.png,Market research and consulting company.,,,,,,,
Up Market Research,https://media.glassdoor.com/sqll/2213415/up-market-research-squarelogo-1582618622646.png,Market research and business intelligence company.,,,,,,,
utkarsh Small Finance,https://aniportalimages.s3.amazonaws.com/media/details/Utkarsh_Bank_Logo2021082106533420210821073936.jpg,Banking institution serving underserved segments.,,,,,,,
Vaco Binary,https://www.vacobinary.in/img/vacobinary-logo1.png,IT staffing and consulting services provider.,,,,,,,
Varun Beverage,https://companieslogo.com/img/orig/VBL.NS-707b8948.png?t=1650447235,PepsiCo's bottling partner in India.,,,,,,,
Vijay Khetan Group,https://im.proptiger.com/3/110314/13/vijay-khetan-group-975238.png,Real estate development company.,,,,,,,
Vision Group,https://app.jobvite.com/logo/VisionGrouplogotransparentbackground7_1683049913520.png,Business conglomerate with interests in multiple sectors.,,,,,,,
Vistaar Finance Service Pvt Ltd,https://static.theprint.in/wp-content/uploads/2022/04/Vistaarlogo2022040612260120220406123447.jpg,#N/A,,,,,,,
VMC GROUPS / DHFC,https://hoachatvietmy.net/wp-content/uploads/2023/06/logo-cua-cong-ty-vmc.jpg,#N/A,,,,,,,
white lotus corporation,https://www.whitelotuscorporation.com/wp-content/uploads/2021/02/Whitelotus_Corp_Logo.png,Real estate and infrastructure development company.,,,,,,,
Wipro,https://1000logos.net/wp-content/uploads/2021/05/Wipro-logo.png,Global IT services and consulting company.,,,,,,,
Xpressbees,https://asset.brandfetch.io/id3Wnmm8UV/idotNJr0kv.png?updated=1667635954847,E-commerce logistics and delivery services provider.,,,,,,,
Ymedia,https://www.marketingdirecto.com/wp-content/uploads/2016/12/imagen-ymedia-2.jpg,Digital media and advertising agency.,,,,,,,
Yocket,https://image.pitchbook.com/WTBFTzQ5Ivh0kxfVaDq4GnHOqPx1621419626639_200x200,Overseas education consulting platform.,,,,,,,
,,,,,,,,,
,,,,,,,,,
,,,,,,,,,
,,,,,,,,,
,,,,,,,,,
,,,,,,,,,
,,,,,,,,,
,,,,,,,,,
,0,,,,,,,,
,,,,,,,,,
,,,,,,,,,
,,,,,,,,,
,,,,,,,,,
,,,,,,,,,
,,,,,,,,,
,,,,,,,,,
,,,,,,,,,
,,,,,,,,,
,,,,,,,,,
,,,,,,,,,
,,,,,,,,,
,,,,,,,,,
,,,,,,,,,
,,,,,,,,,
,,,,,,,,,
,,,,,,,,,
,,,,,,,,,
,,,,,,,,,
,,,,,,,,,
,,,,,,,,,
,,,,,,,,,
,,,,,,,,,
,,,,,,,,,
,,,,,,,,,
,,,,,,,,,
,,,,,,,,,
,,,,,,,,,
,,,,,,,,,
,,,,,,,,,
,,,,,,,,,
,,,,,,,,,
,,,,,,,,,
,,,,,,,,,
,,,,,,,,,
,,,,,,,,,
,,,,,,,,,
,,,,,,,,,
,,,,,,,,,
,,,,,,,,,
,,,,,,,,,
,,,,,,,,,
,,,,,,,,,
,,,,,,,,,
,,,,,,,,,
,,,,,,,,,
,,,,,,,,,
,,,,,,,,,
,,,,,,,,,
,,,,,,,,,
,,,,,,,,,
,,,,,,,,,
,,,,,,,,,
,,,,,,,,,
,,,,,,,,,
